instrument,date,repo_contract,my_maxoi_contract,match,repo_source,my_oi
AL,2014-02-20,AL1404.SHF,AL1405.SHF,False,tushare_fut_mapping,83168.0
AL,2014-03-07,AL1405.SHF,AL1406.SHF,False,tushare_fut_mapping,101952.0
AL,2014-04-23,AL1406.SHF,AL1407.SHF,False,tushare_fut_mapping,116796.0
AL,2014-05-23,AL1407.SHF,AL1408.SHF,False,tushare_fut_mapping,105802.0
AL,2014-06-25,AL1408.SHF,AL1409.SHF,False,tushare_fut_mapping,131148.0
AL,2014-07-22,AL1409.SHF,AL1410.SHF,False,tushare_fut_mapping,136742.0
AL,2014-08-25,AL1410.SHF,AL1411.SHF,False,tushare_fut_mapping,123360.0
AL,2014-09-17,AL1411.SHF,AL1412.SHF,False,tushare_fut_mapping,142584.0
AL,2014-10-22,AL1412.SHF,AL1501.SHF,False,tushare_fut_mapping,124122.0
AL,2014-11-27,AL1501.SHF,AL1502.SHF,False,tushare_fut_mapping,109582.0
AL,2014-12-17,AL1502.SHF,AL1503.SHF,False,tushare_fut_mapping,109378.0
AL,2015-01-26,AL1503.SHF,AL1504.SHF,False,tushare_fut_mapping,123432.0
AL,2015-02-26,AL1504.SHF,AL1505.SHF,False,tushare_fut_mapping,111168.0
AL,2015-03-20,AL1505.SHF,AL1506.SHF,False,tushare_fut_mapping,110252.0
AL,2015-04-22,AL1506.SHF,AL1507.SHF,False,tushare_fut_mapping,117800.0
AL,2015-05-26,AL1507.SHF,AL1508.SHF,False,tushare_fut_mapping,109448.0
AL,2015-06-24,AL1508.SHF,AL1509.SHF,False,tushare_fut_mapping,103636.0
AL,2015-07-20,AL1509.SHF,AL1510.SHF,False,tushare_fut_mapping,118654.0
AL,2015-08-27,AL1510.SHF,AL1511.SHF,False,tushare_fut_mapping,119978.0
AL,2015-09-18,AL1511.SHF,AL1512.SHF,False,tushare_fut_mapping,113462.0
AL,2015-10-21,AL1512.SHF,AL1601.SHF,False,tushare_fut_mapping,148248.0
AL,2015-11-20,AL1601.SHF,AL1602.SHF,False,tushare_fut_mapping,233302.0
AL,2015-12-16,AL1602.SHF,AL1603.SHF,False,tushare_fut_mapping,227004.0
AL,2016-01-27,AL1603.SHF,AL1604.SHF,False,tushare_fut_mapping,193048.0
AL,2016-02-26,AL1604.SHF,AL1605.SHF,False,tushare_fut_mapping,216438.0
AL,2016-03-30,AL1605.SHF,AL1606.SHF,False,tushare_fut_mapping,205598.0
AL,2016-04-27,AL1606.SHF,AL1607.SHF,False,tushare_fut_mapping,269178.0
AL,2016-06-01,AL1607.SHF,AL1608.SHF,False,tushare_fut_mapping,191050.0
AL,2016-07-01,AL1608.SHF,AL1609.SHF,False,tushare_fut_mapping,167108.0
AL,2016-08-01,AL1609.SHF,AL1610.SHF,False,tushare_fut_mapping,149648.0
AL,2016-09-01,AL1610.SHF,AL1611.SHF,False,tushare_fut_mapping,160242.0
AL,2016-09-28,AL1611.SHF,AL1612.SHF,False,tushare_fut_mapping,169682.0
AL,2016-11-02,AL1612.SHF,AL1701.SHF,False,tushare_fut_mapping,187476.0
AL,2016-11-22,AL1701.SHF,AL1702.SHF,False,tushare_fut_mapping,194690.0
AL,2016-12-30,AL1702.SHF,AL1703.SHF,False,tushare_fut_mapping,212692.0
AL,2017-02-07,AL1703.SHF,AL1704.SHF,False,tushare_fut_mapping,226200.0
AL,2017-03-03,AL1704.SHF,AL1705.SHF,False,tushare_fut_mapping,249474.0
AL,2017-04-11,AL1705.SHF,AL1706.SHF,False,tushare_fut_mapping,237286.0
AL,2017-05-08,AL1706.SHF,AL1707.SHF,False,tushare_fut_mapping,233804.0
AL,2017-06-07,AL1707.SHF,AL1708.SHF,False,tushare_fut_mapping,201654.0
AL,2017-07-05,AL1708.SHF,AL1709.SHF,False,tushare_fut_mapping,218290.0
AL,2017-08-02,AL1709.SHF,AL1710.SHF,False,tushare_fut_mapping,239654.0
AL,2017-08-24,AL1710.SHF,AL1711.SHF,False,tushare_fut_mapping,333786.0
AL,2017-09-26,AL1711.SHF,AL1712.SHF,False,tushare_fut_mapping,358368.0
AL,2017-10-27,AL1712.SHF,AL1801.SHF,False,tushare_fut_mapping,347630.0
AL,2017-11-30,AL1801.SHF,AL1802.SHF,False,tushare_fut_mapping,289838.0
AL,2017-12-29,AL1802.SHF,AL1803.SHF,False,tushare_fut_mapping,310574.0
AL,2018-02-05,AL1803.SHF,AL1804.SHF,False,tushare_fut_mapping,260244.0
AL,2018-02-28,AL1804.SHF,AL1805.SHF,False,tushare_fut_mapping,289812.0
AL,2018-04-04,AL1805.SHF,AL1806.SHF,False,tushare_fut_mapping,268980.0
AL,2018-04-27,AL1806.SHF,AL1807.SHF,False,tushare_fut_mapping,244626.0
AL,2018-06-06,AL1807.SHF,AL1808.SHF,False,tushare_fut_mapping,216854.0
AL,2018-07-02,AL1808.SHF,AL1809.SHF,False,tushare_fut_mapping,241232.0
AL,2018-08-07,AL1809.SHF,AL1810.SHF,False,tushare_fut_mapping,228192.0
AL,2018-09-03,AL1810.SHF,AL1811.SHF,False,tushare_fut_mapping,251170.0
AL,2018-10-10,AL1811.SHF,AL1812.SHF,False,tushare_fut_mapping,219524.0
AL,2018-11-01,AL1812.SHF,AL1901.SHF,False,tushare_fut_mapping,224952.0
AL,2018-12-06,AL1901.SHF,AL1902.SHF,False,tushare_fut_mapping,203622.0
AL,2019-01-03,AL1902.SHF,AL1903.SHF,False,tushare_fut_mapping,210368.0
AL,2019-02-18,AL1903.SHF,AL1905.SHF,False,tushare_fut_mapping,222178.0
AL,2019-04-16,AL1905.SHF,AL1906.SHF,False,tushare_fut_mapping,211330.0
AL,2019-05-15,AL1906.SHF,AL1907.SHF,False,tushare_fut_mapping,237340.0
AL,2019-06-11,AL1907.SHF,AL1908.SHF,False,tushare_fut_mapping,218544.0
AL,2019-07-15,AL1908.SHF,AL1909.SHF,False,tushare_fut_mapping,200888.0
AL,2019-08-07,AL1909.SHF,AL1910.SHF,False,tushare_fut_mapping,208788.0
AL,2019-09-09,AL1910.SHF,AL1911.SHF,False,tushare_fut_mapping,248840.0
AL,2019-09-30,AL1911.SHF,AL1912.SHF,False,tushare_fut_mapping,189964.0
AL,2019-11-12,AL1912.SHF,AL2001.SHF,False,tushare_fut_mapping,203280.0
AL,2019-12-10,AL2001.SHF,AL2002.SHF,False,tushare_fut_mapping,195870.0
AL,2020-01-08,AL2002.SHF,AL2003.SHF,False,tushare_fut_mapping,103501.0
AL,2020-02-12,AL2003.SHF,AL2004.SHF,False,tushare_fut_mapping,91035.0
AL,2020-03-04,AL2004.SHF,AL2005.SHF,False,tushare_fut_mapping,127611.0
AL,2020-03-31,AL2005.SHF,AL2006.SHF,False,tushare_fut_mapping,121127.0
AL,2020-04-29,AL2006.SHF,AL2007.SHF,False,tushare_fut_mapping,116455.0
AL,2020-06-17,AL2007.SHF,AL2008.SHF,False,tushare_fut_mapping,133829.0
AL,2020-06-18,AL2007.SHF,AL2008.SHF,False,tushare_fut_mapping,138296.0
AL,2020-06-19,AL2007.SHF,AL2008.SHF,False,tushare_fut_mapping,139425.0
AL,2020-06-22,AL2007.SHF,AL2008.SHF,False,tushare_fut_mapping,148765.0
AL,2020-07-27,AL2008.SHF,AL2009.SHF,False,tushare_fut_mapping,99722.0
AL,2020-08-25,AL2009.SHF,AL2010.SHF,False,tushare_fut_mapping,101098.0
AL,2020-08-26,AL2009.SHF,AL2010.SHF,False,tushare_fut_mapping,110087.0
AL,2020-09-24,AL2010.SHF,AL2011.SHF,False,tushare_fut_mapping,112768.0
AL,2020-09-25,AL2010.SHF,AL2011.SHF,False,tushare_fut_mapping,116097.0
AL,2020-11-25,AL2012.SHF,AL2101.SHF,False,tushare_fut_mapping,124384.0
AL,2020-12-21,AL2101.SHF,AL2102.SHF,False,tushare_fut_mapping,100489.0
AL,2020-12-22,AL2101.SHF,AL2102.SHF,False,tushare_fut_mapping,104229.0
AL,2020-12-23,AL2101.SHF,AL2102.SHF,False,tushare_fut_mapping,106606.0
AL,2021-01-08,AL2102.SHF,AL2103.SHF,False,tushare_fut_mapping,113361.0
AL,2021-01-11,AL2102.SHF,AL2103.SHF,False,tushare_fut_mapping,121262.0
AL,2021-01-12,AL2102.SHF,AL2103.SHF,False,tushare_fut_mapping,124126.0
AL,2021-01-13,AL2102.SHF,AL2103.SHF,False,tushare_fut_mapping,126705.0
AL,2021-01-14,AL2102.SHF,AL2103.SHF,False,tushare_fut_mapping,129439.0
AL,2021-01-15,AL2102.SHF,AL2103.SHF,False,tushare_fut_mapping,138515.0
AL,2021-02-10,AL2103.SHF,AL2104.SHF,False,tushare_fut_mapping,155502.0
AL,2021-02-18,AL2103.SHF,AL2104.SHF,False,tushare_fut_mapping,173010.0
AL,2021-02-19,AL2103.SHF,AL2104.SHF,False,tushare_fut_mapping,190833.0
AL,2021-03-11,AL2104.SHF,AL2105.SHF,False,tushare_fut_mapping,205513.0
AL,2021-03-12,AL2104.SHF,AL2105.SHF,False,tushare_fut_mapping,206770.0
AL,2021-03-15,AL2104.SHF,AL2105.SHF,False,tushare_fut_mapping,236949.0
AL,2021-04-15,AL2105.SHF,AL2106.SHF,False,tushare_fut_mapping,225158.0
AL,2021-04-16,AL2105.SHF,AL2106.SHF,False,tushare_fut_mapping,247739.0
AL,2021-04-19,AL2105.SHF,AL2106.SHF,False,tushare_fut_mapping,251052.0
AL,2021-04-20,AL2105.SHF,AL2106.SHF,False,tushare_fut_mapping,252073.0
AL,2021-04-21,AL2105.SHF,AL2106.SHF,False,tushare_fut_mapping,251342.0
AL,2021-05-14,AL2106.SHF,AL2107.SHF,False,tushare_fut_mapping,195431.0
AL,2021-05-17,AL2106.SHF,AL2107.SHF,False,tushare_fut_mapping,228035.0
AL,2021-05-18,AL2106.SHF,AL2107.SHF,False,tushare_fut_mapping,237376.0
AL,2021-05-19,AL2106.SHF,AL2107.SHF,False,tushare_fut_mapping,235972.0
AL,2021-05-20,AL2106.SHF,AL2107.SHF,False,tushare_fut_mapping,233001.0
AL,2021-06-17,AL2107.SHF,AL2108.SHF,False,tushare_fut_mapping,174278.0
AL,2021-06-18,AL2107.SHF,AL2108.SHF,False,tushare_fut_mapping,176232.0
AL,2021-06-21,AL2107.SHF,AL2108.SHF,False,tushare_fut_mapping,181332.0
AL,2021-06-22,AL2107.SHF,AL2108.SHF,False,tushare_fut_mapping,188935.0
AL,2021-06-23,AL2107.SHF,AL2108.SHF,False,tushare_fut_mapping,197310.0
AL,2021-07-19,AL2108.SHF,AL2109.SHF,False,tushare_fut_mapping,212193.0
AL,2021-07-20,AL2108.SHF,AL2109.SHF,False,tushare_fut_mapping,217117.0
AL,2021-07-21,AL2108.SHF,AL2109.SHF,False,tushare_fut_mapping,225555.0
AL,2021-08-18,AL2109.SHF,AL2110.SHF,False,tushare_fut_mapping,217813.0
AL,2021-08-19,AL2109.SHF,AL2110.SHF,False,tushare_fut_mapping,226579.0
AL,2021-08-20,AL2109.SHF,AL2110.SHF,False,tushare_fut_mapping,232214.0
AL,2021-09-13,AL2110.SHF,AL2111.SHF,False,tushare_fut_mapping,263328.0
AL,2021-09-14,AL2110.SHF,AL2111.SHF,False,tushare_fut_mapping,259004.0
AL,2021-09-15,AL2110.SHF,AL2111.SHF,False,tushare_fut_mapping,268559.0
AL,2021-09-16,AL2110.SHF,AL2111.SHF,False,tushare_fut_mapping,261534.0
AL,2021-09-17,AL2110.SHF,AL2111.SHF,False,tushare_fut_mapping,260602.0
AL,2021-09-22,AL2110.SHF,AL2111.SHF,False,tushare_fut_mapping,282865.0
AL,2021-10-14,AL2111.SHF,AL2112.SHF,False,tushare_fut_mapping,194202.0
AL,2021-10-15,AL2111.SHF,AL2112.SHF,False,tushare_fut_mapping,227342.0
AL,2021-10-18,AL2111.SHF,AL2112.SHF,False,tushare_fut_mapping,242350.0
AL,2021-10-19,AL2111.SHF,AL2112.SHF,False,tushare_fut_mapping,245067.0
AL,2021-10-20,AL2111.SHF,AL2112.SHF,False,tushare_fut_mapping,222125.0
AL,2021-11-15,AL2112.SHF,AL2201.SHF,False,tushare_fut_mapping,178109.0
AL,2021-12-15,AL2201.SHF,AL2202.SHF,False,tushare_fut_mapping,154465.0
AL,2021-12-16,AL2201.SHF,AL2202.SHF,False,tushare_fut_mapping,165569.0
AL,2021-12-17,AL2201.SHF,AL2202.SHF,False,tushare_fut_mapping,205010.0
AL,2021-12-20,AL2201.SHF,AL2202.SHF,False,tushare_fut_mapping,204587.0
AL,2021-12-21,AL2201.SHF,AL2202.SHF,False,tushare_fut_mapping,202606.0
AL,2021-12-22,AL2201.SHF,AL2202.SHF,False,tushare_fut_mapping,222880.0
AL,2022-01-13,AL2202.SHF,AL2203.SHF,False,tushare_fut_mapping,177082.0
AL,2022-01-14,AL2202.SHF,AL2203.SHF,False,tushare_fut_mapping,188506.0
AL,2022-01-17,AL2202.SHF,AL2203.SHF,False,tushare_fut_mapping,205572.0
AL,2022-01-18,AL2202.SHF,AL2203.SHF,False,tushare_fut_mapping,220298.0
AL,2022-01-19,AL2202.SHF,AL2203.SHF,False,tushare_fut_mapping,221867.0
AL,2022-02-18,AL2203.SHF,AL2204.SHF,False,tushare_fut_mapping,166048.0
AL,2022-02-21,AL2203.SHF,AL2204.SHF,False,tushare_fut_mapping,177356.0
AL,2022-02-22,AL2203.SHF,AL2204.SHF,False,tushare_fut_mapping,203494.0
AL,2022-03-14,AL2204.SHF,AL2205.SHF,False,tushare_fut_mapping,156555.0
AL,2022-03-15,AL2204.SHF,AL2205.SHF,False,tushare_fut_mapping,157620.0
AL,2022-03-16,AL2204.SHF,AL2205.SHF,False,tushare_fut_mapping,170809.0
AL,2022-03-17,AL2204.SHF,AL2205.SHF,False,tushare_fut_mapping,182116.0
AL,2022-04-18,AL2205.SHF,AL2206.SHF,False,tushare_fut_mapping,158569.0
AL,2022-04-19,AL2205.SHF,AL2206.SHF,False,tushare_fut_mapping,161230.0
AL,2022-04-20,AL2205.SHF,AL2206.SHF,False,tushare_fut_mapping,166992.0
AL,2022-05-19,AL2206.SHF,AL2207.SHF,False,tushare_fut_mapping,143038.0
AL,2022-05-20,AL2206.SHF,AL2207.SHF,False,tushare_fut_mapping,147941.0
AL,2022-05-23,AL2206.SHF,AL2207.SHF,False,tushare_fut_mapping,154863.0
AL,2022-05-24,AL2206.SHF,AL2207.SHF,False,tushare_fut_mapping,158380.0
AL,2022-05-25,AL2206.SHF,AL2207.SHF,False,tushare_fut_mapping,167676.0
AL,2022-06-20,AL2207.SHF,AL2208.SHF,False,tushare_fut_mapping,149448.0
AL,2022-06-21,AL2207.SHF,AL2208.SHF,False,tushare_fut_mapping,153213.0
AL,2022-06-22,AL2207.SHF,AL2208.SHF,False,tushare_fut_mapping,165198.0
AL,2022-06-23,AL2207.SHF,AL2208.SHF,False,tushare_fut_mapping,179303.0
AL,2022-06-24,AL2207.SHF,AL2208.SHF,False,tushare_fut_mapping,193977.0
AL,2022-07-19,AL2208.SHF,AL2209.SHF,False,tushare_fut_mapping,133972.0
AL,2022-07-20,AL2208.SHF,AL2209.SHF,False,tushare_fut_mapping,146704.0
AL,2022-07-21,AL2208.SHF,AL2209.SHF,False,tushare_fut_mapping,150376.0
AL,2022-07-22,AL2208.SHF,AL2209.SHF,False,tushare_fut_mapping,157901.0
AL,2022-07-25,AL2208.SHF,AL2209.SHF,False,tushare_fut_mapping,167223.0
AL,2022-07-26,AL2208.SHF,AL2209.SHF,False,tushare_fut_mapping,174204.0
AL,2022-08-25,AL2209.SHF,AL2210.SHF,False,tushare_fut_mapping,142735.0
AL,2022-08-26,AL2209.SHF,AL2210.SHF,False,tushare_fut_mapping,165432.0
AL,2022-09-23,AL2210.SHF,AL2211.SHF,False,tushare_fut_mapping,134691.0
AL,2022-09-26,AL2210.SHF,AL2211.SHF,False,tushare_fut_mapping,154973.0
AL,2022-09-27,AL2210.SHF,AL2211.SHF,False,tushare_fut_mapping,165499.0
AL,2022-10-26,AL2211.SHF,AL2212.SHF,False,tushare_fut_mapping,127617.0
AL,2022-11-22,AL2212.SHF,AL2301.SHF,False,tushare_fut_mapping,159672.0
AL,2022-11-23,AL2212.SHF,AL2301.SHF,False,tushare_fut_mapping,176022.0
AL,2022-11-24,AL2212.SHF,AL2301.SHF,False,tushare_fut_mapping,202774.0
AL,2022-11-25,AL2212.SHF,AL2301.SHF,False,tushare_fut_mapping,208310.0
AL,2022-12-21,AL2301.SHF,AL2302.SHF,False,tushare_fut_mapping,120935.0
AL,2022-12-22,AL2301.SHF,AL2302.SHF,False,tushare_fut_mapping,126559.0
AL,2022-12-23,AL2301.SHF,AL2302.SHF,False,tushare_fut_mapping,135641.0
AL,2022-12-26,AL2301.SHF,AL2302.SHF,False,tushare_fut_mapping,144300.0
AL,2023-01-10,AL2302.SHF,AL2303.SHF,False,tushare_fut_mapping,158619.0
AL,2023-01-11,AL2302.SHF,AL2303.SHF,False,tushare_fut_mapping,174445.0
AL,2023-01-12,AL2302.SHF,AL2303.SHF,False,tushare_fut_mapping,180668.0
AL,2023-01-13,AL2302.SHF,AL2303.SHF,False,tushare_fut_mapping,178128.0
AL,2023-01-16,AL2302.SHF,AL2303.SHF,False,tushare_fut_mapping,183037.0
AL,2023-01-17,AL2302.SHF,AL2303.SHF,False,tushare_fut_mapping,184716.0
AL,2023-02-17,AL2303.SHF,AL2304.SHF,False,tushare_fut_mapping,165100.0
AL,2023-02-20,AL2303.SHF,AL2304.SHF,False,tushare_fut_mapping,177378.0
AL,2023-02-21,AL2303.SHF,AL2304.SHF,False,tushare_fut_mapping,184219.0
AL,2023-03-17,AL2304.SHF,AL2305.SHF,False,tushare_fut_mapping,174611.0
AL,2023-03-20,AL2304.SHF,AL2305.SHF,False,tushare_fut_mapping,205599.0
AL,2023-03-21,AL2304.SHF,AL2305.SHF,False,tushare_fut_mapping,208173.0
AL,2023-04-18,AL2305.SHF,AL2306.SHF,False,tushare_fut_mapping,196262.0
AL,2023-05-17,AL2306.SHF,AL2307.SHF,False,tushare_fut_mapping,173443.0
AL,2023-05-18,AL2306.SHF,AL2307.SHF,False,tushare_fut_mapping,178340.0
AL,2023-05-19,AL2306.SHF,AL2307.SHF,False,tushare_fut_mapping,187605.0
AL,2023-06-21,AL2307.SHF,AL2308.SHF,False,tushare_fut_mapping,193983.0
