date,instrument,contract,reason,qty,open,high,low,settle,hypothetical_fill,first_day_pnl,five_day_pnl
2015-01-28,C,C1509.DCE,PROXY_SLIPPAGE_OUTSIDE_DAILY_RANGE,527,2475.0,2475.0,2464.0,2468.0,2477.0,-47430.0,-163370.0
2015-02-09,AL,AL1504.SHF,PROXY_SLIPPAGE_OUTSIDE_DAILY_RANGE,23,13350.0,13350.0,13220.0,13270.0,13355.0,-9775.0,-56350.0
2015-03-02,AL,AL1505.SHF,PROXY_SLIPPAGE_OUTSIDE_DAILY_RANGE,-149,12960.0,13100.0,12955.0,13030.0,12955.0,-55875.0,-108025.0
2015-03-30,MA,MA1506.ZCE,PROXY_SLIPPAGE_OUTSIDE_DAILY_RANGE,153,2401.0,2402.0,2353.0,2375.0,2403.0,-42840.0,-94860.0
2015-05-11,FG,FG1509.ZCE,PROXY_SLIPPAGE_OUTSIDE_DAILY_RANGE,201,955.0,956.0,936.0,943.0,957.0,-56280.0,-96480.0
2015-05-18,P,P1509.DCE,PROXY_SLIPPAGE_OUTSIDE_DAILY_RANGE,55,5110.0,5110.0,5062.0,5082.0,5114.0,-17600.0,-25300.0
2015-05-25,C,C1509.DCE,PROXY_SLIPPAGE_OUTSIDE_DAILY_RANGE,17,2500.0,2501.0,2475.0,2487.0,2502.0,-2550.0,1360.0
2015-05-28,AL,AL1508.SHF,PROXY_SLIPPAGE_OUTSIDE_DAILY_RANGE,-163,13150.0,13195.0,13145.0,13170.0,13145.0,-20375.0,-105950.0
2015-06-23,AL,AL1508.SHF,PROXY_SLIPPAGE_OUTSIDE_DAILY_RANGE,-8,12695.0,12770.0,12695.0,12735.0,12690.0,-1800.0,-1400.0
2015-07-06,C,C1601.DCE,PROXY_SLIPPAGE_OUTSIDE_DAILY_RANGE,31,2141.0,2142.0,2122.0,2129.0,2143.0,-4340.0,-5270.0
2015-07-13,C,C1601.DCE,PROXY_SLIPPAGE_OUTSIDE_DAILY_RANGE,8,2102.0,2103.0,2072.0,2084.0,2104.0,-1600.0,2000.0
2015-07-22,AL,AL1509.SHF,PROXY_SLIPPAGE_OUTSIDE_DAILY_RANGE,133,12415.0,12420.0,12325.0,12360.0,12420.0,-39900.0,0.0
2015-07-23,AL,AL1509.SHF,PROXY_SLIPPAGE_OUTSIDE_DAILY_RANGE,133,12345.0,12345.0,12245.0,12300.0,12350.0,-33250.0,103075.0
2015-07-24,AL,AL1509.SHF,PROXY_SLIPPAGE_OUTSIDE_DAILY_RANGE,133,12285.0,12290.0,12240.0,12265.0,12290.0,-16625.0,146300.0
2015-08-24,SR,SR1601.ZCE,PROXY_SLIPPAGE_OUTSIDE_DAILY_RANGE,4,5307.0,5307.0,5095.0,5193.0,5309.0,-4640.0,2400.0
2015-09-07,SR,SR1601.ZCE,PROXY_SLIPPAGE_OUTSIDE_DAILY_RANGE,-1,5221.0,5305.0,5221.0,5271.0,5219.0,-520.0,600.0
2015-10-12,FG,FG1601.ZCE,PROXY_SLIPPAGE_OUTSIDE_DAILY_RANGE,239,841.0,841.0,823.0,831.0,843.0,-57360.0,-90820.0
2015-10-26,SR,SR1601.ZCE,PROXY_SLIPPAGE_OUTSIDE_DAILY_RANGE,6,5586.0,5587.0,5529.0,5553.0,5588.0,-2100.0,-1740.0
2015-11-16,P,P1601.DCE,PROXY_SLIPPAGE_OUTSIDE_DAILY_RANGE,-102,4130.0,4166.0,4130.0,4148.0,4126.0,-22440.0,-138720.0
2015-11-30,P,P1601.DCE,PROXY_SLIPPAGE_OUTSIDE_DAILY_RANGE,124,4330.0,4330.0,4266.0,4294.0,4334.0,-49600.0,-290160.0
2015-12-21,JD,JD1605.DCE,PROXY_SLIPPAGE_OUTSIDE_DAILY_RANGE,-29,3221.0,3296.0,3221.0,3262.0,3219.0,-6235.0,8555.0
2016-02-24,SR,SR1605.ZCE,PROXY_SLIPPAGE_OUTSIDE_DAILY_RANGE,-1,5400.0,5452.0,5399.0,5432.0,5398.0,-340.0,650.0
2016-02-29,FG,FG1605.ZCE,PROXY_SLIPPAGE_OUTSIDE_DAILY_RANGE,8,922.0,922.0,907.0,914.0,924.0,-1600.0,-3200.0
2016-03-04,SR,SR1609.ZCE,PROXY_SLIPPAGE_OUTSIDE_DAILY_RANGE,-1,5460.0,5518.0,5460.0,5491.0,5458.0,-330.0,-830.0
2016-04-18,C,C1701.DCE,PROXY_SLIPPAGE_OUTSIDE_DAILY_RANGE,-2,1463.0,1499.0,1462.0,1487.0,1461.0,-520.0,540.0
2016-04-25,FG,FG1609.ZCE,PROXY_SLIPPAGE_OUTSIDE_DAILY_RANGE,-8,1021.0,1057.0,1021.0,1037.0,1019.0,-2880.0,2400.0
2016-08-08,C,C1701.DCE,PROXY_SLIPPAGE_OUTSIDE_DAILY_RANGE,242,1473.0,1474.0,1451.0,1460.0,1475.0,-36300.0,-55660.0
2016-08-15,JD,JD1701.DCE,PROXY_SLIPPAGE_OUTSIDE_DAILY_RANGE,-38,3441.0,3495.0,3441.0,3473.0,3439.0,-6460.0,-8550.0
2016-09-19,FG,FG1701.ZCE,PROXY_SLIPPAGE_OUTSIDE_DAILY_RANGE,-60,1096.0,1119.0,1095.0,1113.0,1094.0,-22800.0,-92400.0
2016-09-19,P,P1701.DCE,PROXY_SLIPPAGE_OUTSIDE_DAILY_RANGE,-52,5410.0,5496.0,5410.0,5458.0,5406.0,-27040.0,-70720.0
2016-12-01,FG,FG1701.ZCE,PROXY_SLIPPAGE_OUTSIDE_DAILY_RANGE,-65,1234.0,1265.0,1234.0,1248.0,1232.0,-20800.0,-61100.0
2016-12-02,T,T1703.CFX,PROXY_SLIPPAGE_OUTSIDE_DAILY_RANGE,-4,98.135,98.45,98.135,98.225,98.13000000000001,-3799.999999999386,-58399.99999999975
2017-01-23,P,P1705.DCE,PROXY_SLIPPAGE_OUTSIDE_DAILY_RANGE,9,6280.0,6280.0,6216.0,6246.0,6284.0,-3420.0,1980.0
2017-02-03,RU,RU1705.SHF,PROXY_SLIPPAGE_OUTSIDE_DAILY_RANGE,8,21475.0,21480.0,19925.0,20430.0,21485.0,-84400.0,-82800.0
2017-02-09,AL,AL1703.SHF,PROXY_SLIPPAGE_OUTSIDE_DAILY_RANGE,-87,13660.0,13850.0,13660.0,13785.0,13655.0,-56550.0,-69600.0
2017-03-20,JD,JD1705.DCE,PROXY_SLIPPAGE_OUTSIDE_DAILY_RANGE,-221,3182.0,3272.0,3181.0,3234.0,3180.0,-59670.0,-43095.0
2017-04-24,CF,CF1709.ZCE,PROXY_SLIPPAGE_OUTSIDE_DAILY_RANGE,4,16095.0,16100.0,15915.0,16000.0,16105.0,-2100.0,-7900.0
2017-05-08,FG,FG1709.ZCE,PROXY_SLIPPAGE_OUTSIDE_DAILY_RANGE,-13,1231.0,1252.0,1231.0,1241.0,1229.0,-3120.0,-18460.0
2017-05-15,SR,SR1709.ZCE,PROXY_SLIPPAGE_OUTSIDE_DAILY_RANGE,-79,6648.0,6707.0,6648.0,6678.0,6646.0,-25280.0,-9480.0
2017-06-05,JD,JD1709.DCE,PROXY_SLIPPAGE_OUTSIDE_DAILY_RANGE,39,3620.0,3620.0,3551.0,3574.0,3622.0,-9360.0,-17550.0
2017-06-19,T,T1709.CFX,PROXY_SLIPPAGE_OUTSIDE_DAILY_RANGE,-1,95.46,95.985,95.46,95.915,95.455,-4600.00000000008,849.9999999999375
2017-09-28,AL,AL1712.SHF,PROXY_SLIPPAGE_OUTSIDE_DAILY_RANGE,56,16640.0,16640.0,16350.0,16480.0,16645.0,-46200.0,113400.0
2017-10-30,C,C1801.DCE,PROXY_SLIPPAGE_OUTSIDE_DAILY_RANGE,65,1662.0,1662.0,1647.0,1656.0,1664.0,-5200.0,-650.0
2017-12-04,M,M1805.DCE,PROXY_SLIPPAGE_OUTSIDE_DAILY_RANGE,-195,2801.0,2874.0,2801.0,2845.0,2799.0,-89700.0,-74100.0
2018-01-02,FG,FG1805.ZCE,PROXY_SLIPPAGE_OUTSIDE_DAILY_RANGE,18,1487.0,1487.0,1455.0,1465.0,1489.0,-8640.0,2880.0
2018-05-22,AL,AL1807.SHF,PROXY_SLIPPAGE_OUTSIDE_DAILY_RANGE,1,14805.0,14805.0,14595.0,14710.0,14810.0,-500.0,-525.0
2018-06-19,M,M1809.DCE,PROXY_SLIPPAGE_OUTSIDE_DAILY_RANGE,3,3095.0,3095.0,3013.0,3057.0,3097.0,-1200.0,-5670.0
2018-07-24,C,C1901.DCE,PROXY_SLIPPAGE_OUTSIDE_DAILY_RANGE,-3,1835.0,1843.0,1835.0,1838.0,1833.0,-150.0,-900.0
2018-07-30,SR,SR1809.ZCE,PROXY_SLIPPAGE_OUTSIDE_DAILY_RANGE,-10,4901.0,4993.0,4900.0,4952.0,4899.0,-5300.0,5000.0
2018-10-22,M,M1901.DCE,PROXY_SLIPPAGE_OUTSIDE_DAILY_RANGE,14,3439.0,3439.0,3370.0,3395.0,3441.0,-6440.0,-420.0
2018-11-15,C,C1905.DCE,PROXY_SLIPPAGE_OUTSIDE_DAILY_RANGE,601,1990.0,1992.0,1963.0,1977.0,1992.0,-90150.0,24040.0
2018-12-10,C,C1905.DCE,PROXY_SLIPPAGE_OUTSIDE_DAILY_RANGE,-473,1860.0,1872.0,1860.0,1866.0,1858.0,-37840.0,-274340.0
2019-03-25,RU,RU1905.SHF,PROXY_SLIPPAGE_OUTSIDE_DAILY_RANGE,50,11845.0,11845.0,11485.0,11655.0,11855.0,-100000.0,10000.0
2019-05-21,T,T1909.CFX,PROXY_SLIPPAGE_OUTSIDE_DAILY_RANGE,45,96.83,96.83,96.6,96.63,96.835,-92249.99999999923,-4499.999999995907
2019-06-10,CF,CF1909.ZCE,PROXY_SLIPPAGE_OUTSIDE_DAILY_RANGE,-42,12720.0,13090.0,12720.0,12980.0,12710.0,-56700.0,-168000.0
2019-07-15,JD,JD1909.DCE,PROXY_SLIPPAGE_OUTSIDE_DAILY_RANGE,-10,4604.0,4694.0,4604.0,4663.0,4602.0,-3050.0,500.0
2019-07-29,FG,FG1909.ZCE,PROXY_SLIPPAGE_OUTSIDE_DAILY_RANGE,20,1499.0,1499.0,1473.0,1485.0,1501.0,-6400.0,-7600.0
2019-07-29,MA,MA1909.ZCE,PROXY_SLIPPAGE_OUTSIDE_DAILY_RANGE,-14,2046.0,2070.0,2045.0,2057.0,2044.0,-1820.0,-18620.0
2019-08-06,JD,JD1909.DCE,PROXY_SLIPPAGE_OUTSIDE_DAILY_RANGE,-215,4316.0,4420.0,4316.0,4370.0,4314.0,-60200.0,-150500.0
2019-08-19,MA,MA2001.ZCE,PROXY_SLIPPAGE_OUTSIDE_DAILY_RANGE,-213,2188.0,2217.0,2186.0,2204.0,2186.0,-38340.0,-161880.0
2019-09-02,MA,MA2001.ZCE,PROXY_SLIPPAGE_OUTSIDE_DAILY_RANGE,-2,2142.0,2212.0,2141.0,2172.0,2140.0,-640.0,-440.0
2019-09-12,FG,FG2001.ZCE,PROXY_SLIPPAGE_OUTSIDE_DAILY_RANGE,-1,1425.0,1481.0,1425.0,1453.0,1423.0,-600.0,180.0
2019-09-23,JD,JD2001.DCE,PROXY_SLIPPAGE_OUTSIDE_DAILY_RANGE,3,4531.0,4532.0,4455.0,4485.0,4533.0,-720.0,165.0
2019-10-08,RB,RB2001.SHF,PROXY_SLIPPAGE_OUTSIDE_DAILY_RANGE,5,3458.0,3458.0,3402.0,3427.0,3459.0,-1600.0,2850.0
2019-12-04,SR,SR2005.ZCE,PROXY_SLIPPAGE_OUTSIDE_DAILY_RANGE,126,5428.0,5430.0,5403.0,5415.0,5430.0,-18900.0,-1260.0
2019-12-18,SR,SR2005.ZCE,PROXY_SLIPPAGE_OUTSIDE_DAILY_RANGE,-2,5409.0,5434.0,5408.0,5420.0,5407.0,-260.0,-1520.0
2019-12-30,P,P2005.DCE,PROXY_SLIPPAGE_OUTSIDE_DAILY_RANGE,1,6326.0,6326.0,6270.0,6298.0,6330.0,-320.0,-2940.0
2020-01-10,AL,AL2002.SHF,PROXY_SLIPPAGE_OUTSIDE_DAILY_RANGE,-341,14075.0,14185.0,14070.0,14135.0,14070.0,-110825.0,93775.0
2020-02-10,T,T2003.CFX,PROXY_SLIPPAGE_OUTSIDE_DAILY_RANGE,5,101.3,101.3,101.045,101.09,101.30499999999999,-10749.99999999946,-13749.999999999574
2020-02-17,SR,SR2005.ZCE,PROXY_SLIPPAGE_OUTSIDE_DAILY_RANGE,-2,5669.0,5806.0,5669.0,5761.0,5667.0,-1880.0,-2240.0
2020-03-02,SP,SP2005.SHF,PROXY_SLIPPAGE_OUTSIDE_DAILY_RANGE,-54,4462.0,4526.0,4462.0,4504.0,4458.0,-24840.0,-64800.0
2020-03-23,AL,AL2005.SHF,PROXY_SLIPPAGE_OUTSIDE_DAILY_RANGE,7,11700.0,11700.0,11275.0,11375.0,11705.0,-11550.0,40950.0
2020-03-23,FG,FG2005.ZCE,PROXY_SLIPPAGE_OUTSIDE_DAILY_RANGE,82,1319.0,1319.0,1284.0,1300.0,1321.0,-34440.0,50840.0
2020-03-30,AL,AL2005.SHF,PROXY_SLIPPAGE_OUTSIDE_DAILY_RANGE,71,11720.0,11720.0,11495.0,11560.0,11725.0,-58575.0,-124250.0
2020-04-01,FG,FG2009.ZCE,PROXY_SLIPPAGE_OUTSIDE_DAILY_RANGE,380,1297.0,1297.0,1273.0,1287.0,1299.0,-91200.0,266000.0
2020-04-20,CF,CF2009.ZCE,PROXY_SLIPPAGE_OUTSIDE_DAILY_RANGE,-8,11300.0,11545.0,11300.0,11435.0,11290.0,-5800.0,-8000.0
2020-05-06,AL,AL2007.SHF,PROXY_SLIPPAGE_OUTSIDE_DAILY_RANGE,-266,12400.0,12615.0,12400.0,12560.0,12395.0,-219450.0,232750.0
2020-07-27,FG,FG2009.ZCE,PROXY_SLIPPAGE_OUTSIDE_DAILY_RANGE,-3,1659.0,1705.0,1659.0,1683.0,1657.0,-1560.0,1200.0
2020-07-29,AL,AL2008.SHF,PROXY_SLIPPAGE_OUTSIDE_DAILY_RANGE,-223,14515.0,14755.0,14515.0,14655.0,14510.0,-161675.0,133800.0
2020-07-30,AL,AL2008.SHF,PROXY_SLIPPAGE_OUTSIDE_DAILY_RANGE,-223,14655.0,15000.0,14655.0,14890.0,14650.0,-267600.0,317775.0
2020-08-03,MA,MA2009.ZCE,PROXY_SLIPPAGE_OUTSIDE_DAILY_RANGE,332,1728.0,1728.0,1681.0,1702.0,1730.0,-92960.0,16600.0
2020-09-29,AL,AL2010.SHF,PROXY_SLIPPAGE_OUTSIDE_DAILY_RANGE,-266,14300.0,14460.0,14295.0,14395.0,14295.0,-133000.0,-392350.0
2020-12-02,C,C2105.DCE,PROXY_SLIPPAGE_OUTSIDE_DAILY_RANGE,700,2689.0,2689.0,2651.0,2665.0,2691.0,-182000.0,-364000.0
2021-02-01,C,C2105.DCE,PROXY_SLIPPAGE_OUTSIDE_DAILY_RANGE,-64,2714.0,2778.0,2714.0,2753.0,2712.0,-26240.0,-49280.0
2021-02-09,SP,SP2103.SHF,PROXY_SLIPPAGE_OUTSIDE_DAILY_RANGE,-104,6662.0,6798.0,6660.0,6722.0,6658.0,-66560.0,-24960.0
2021-02-10,SP,SP2103.SHF,PROXY_SLIPPAGE_OUTSIDE_DAILY_RANGE,-104,6724.0,6874.0,6722.0,6788.0,6720.0,-70720.0,156000.0
2021-03-17,AL,AL2104.SHF,PROXY_SLIPPAGE_OUTSIDE_DAILY_RANGE,-181,17520.0,17750.0,17520.0,17640.0,17515.0,-113125.0,384625.0
2021-05-17,AP,AP2110.ZCE,PROXY_SLIPPAGE_OUTSIDE_DAILY_RANGE,-21,5698.0,5829.0,5698.0,5782.0,5696.0,-18060.0,-18690.0
2021-06-15,FG,FG2109.ZCE,PROXY_SLIPPAGE_OUTSIDE_DAILY_RANGE,24,2709.0,2709.0,2622.0,2652.0,2711.0,-28320.0,-13920.0
2021-06-25,AL,AL2107.SHF,PROXY_SLIPPAGE_OUTSIDE_DAILY_RANGE,-171,18630.0,18970.0,18630.0,18820.0,18625.0,-166725.0,132525.0
2021-07-05,AP,AP2110.ZCE,PROXY_SLIPPAGE_OUTSIDE_DAILY_RANGE,-10,6180.0,6297.0,6180.0,6256.0,6178.0,-7800.0,-2700.0
2021-08-30,FG,FG2201.ZCE,PROXY_SLIPPAGE_OUTSIDE_DAILY_RANGE,-101,2640.0,2719.0,2640.0,2677.0,2638.0,-78780.0,-189880.0
2021-09-27,AP,AP2201.ZCE,PROXY_SLIPPAGE_OUTSIDE_DAILY_RANGE,90,6359.0,6359.0,6122.0,6225.0,6361.0,-122400.0,-648000.0
2021-10-08,CF,CF2201.ZCE,DAILY_ONE_PRICE_DIRECTIONAL_PROXY_REJECT,105,21255.0,21255.0,21255.0,21255.0,21265.0,-5250.0,-2063250.0
2021-10-08,UR,UR2201.ZCE,PROXY_SLIPPAGE_OUTSIDE_DAILY_RANGE,110,3170.0,3170.0,3076.0,3137.0,3172.0,-77000.0,-789800.0
2021-10-11,CF,CF2201.ZCE,PROXY_SLIPPAGE_OUTSIDE_DAILY_RANGE,88,22200.0,22200.0,21015.0,21605.0,22210.0,-266200.0,-1753400.0
2021-11-26,RU,RU2201.SHF,PROXY_SLIPPAGE_OUTSIDE_DAILY_RANGE,55,15465.0,15470.0,14860.0,15150.0,15475.0,-178750.0,-387750.0
2021-11-29,RB,RB2201.SHF,PROXY_SLIPPAGE_OUTSIDE_DAILY_RANGE,-234,4295.0,4465.0,4294.0,4396.0,4294.0,-238680.0,-58500.0
2021-12-20,M,M2205.DCE,PROXY_SLIPPAGE_OUTSIDE_DAILY_RANGE,582,3180.0,3180.0,3138.0,3159.0,3182.0,-133860.0,-279360.0
2022-01-10,SC,SC2203.INE,PROXY_SLIPPAGE_OUTSIDE_DAILY_RANGE,13,516.1,516.1,505.3,510.0,516.3000000000001,-81900.00000000089,-289900.0000000009
2022-03-21,AL,AL2204.SHF,PROXY_SLIPPAGE_OUTSIDE_DAILY_RANGE,-195,22580.0,23275.0,22580.0,23010.0,22575.0,-424125.0,653250.0
2022-04-06,RU,RU2209.SHF,PROXY_SLIPPAGE_OUTSIDE_DAILY_RANGE,-120,13840.0,13995.0,13830.0,13895.0,13830.0,-78000.0,246000.0
2022-05-09,LH,LH2209.DCE,PROXY_SLIPPAGE_OUTSIDE_DAILY_RANGE,-3,18715.0,19240.0,18715.0,18945.0,18705.0,-11520.0,10320.0
2022-05-09,UR,UR2209.ZCE,PROXY_SLIPPAGE_OUTSIDE_DAILY_RANGE,-193,2963.0,3018.0,2963.0,2993.0,2961.0,-123520.0,119660.0
2022-05-27,AL,AL2206.SHF,PROXY_SLIPPAGE_OUTSIDE_DAILY_RANGE,-279,20515.0,20840.0,20515.0,20740.0,20510.0,-320850.0,-313875.0
2022-06-13,RB,RB2210.SHF,PROXY_SLIPPAGE_OUTSIDE_DAILY_RANGE,1169,4793.0,4793.0,4660.0,4716.0,4794.0,-911820.0,-233800.0
2022-10-10,AP,AP2301.ZCE,PROXY_SLIPPAGE_OUTSIDE_DAILY_RANGE,6,8399.0,8400.0,7991.0,8160.0,8401.0,-14460.0,-11580.0
2022-10-10,JD,JD2301.DCE,PROXY_SLIPPAGE_OUTSIDE_DAILY_RANGE,-825,4388.0,4518.0,4388.0,4472.0,4386.0,-354750.0,305250.0
2022-11-28,CF,CF2301.ZCE,PROXY_SLIPPAGE_OUTSIDE_DAILY_RANGE,17,13495.0,13500.0,13095.0,13265.0,13505.0,-20400.0,-15725.0
2022-12-19,M,M2301.DCE,PROXY_SLIPPAGE_OUTSIDE_DAILY_RANGE,35,4297.0,4297.0,4252.0,4272.0,4299.0,-9450.0,37450.0
2022-12-20,M,M2301.DCE,PROXY_SLIPPAGE_OUTSIDE_DAILY_RANGE,-350,4258.0,4316.0,4258.0,4287.0,4256.0,-108500.0,-378000.0
2023-01-03,RB,RB2305.SHF,PROXY_SLIPPAGE_OUTSIDE_DAILY_RANGE,67,4100.0,4100.0,4016.0,4044.0,4101.0,-38190.0,-77720.0
2023-01-30,AL,AL2303.SHF,PROXY_SLIPPAGE_OUTSIDE_DAILY_RANGE,130,19485.0,19485.0,18865.0,19070.0,19490.0,-273000.0,-640250.0
2023-03-27,AP,AP2305.ZCE,PROXY_SLIPPAGE_OUTSIDE_DAILY_RANGE,107,8787.0,8787.0,8401.0,8547.0,8789.0,-258940.0,-123050.0
2023-04-24,RU,RU2309.SHF,PROXY_SLIPPAGE_OUTSIDE_DAILY_RANGE,79,11900.0,11900.0,11645.0,11720.0,11910.0,-150100.0,-79000.0
2023-05-04,SC,SC2306.INE,PROXY_SLIPPAGE_OUTSIDE_DAILY_RANGE,-12,488.0,499.2,488.0,494.5,487.8,-80399.99999999987,-869999.9999999993
2023-07-17,AL,AL2308.SHF,PROXY_SLIPPAGE_OUTSIDE_DAILY_RANGE,912,18370.0,18370.0,18165.0,18220.0,18375.0,-706800.0,-1915200.0
2023-07-24,SR,SR2309.ZCE,PROXY_SLIPPAGE_OUTSIDE_DAILY_RANGE,-353,6784.0,6899.0,6783.0,6845.0,6782.0,-222390.0,-490670.0
2023-08-07,FG,FG2309.ZCE,PROXY_SLIPPAGE_OUTSIDE_DAILY_RANGE,238,1867.0,1867.0,1795.0,1824.0,1869.0,-214200.0,-818720.0
2023-09-21,T,T2312.CFX,PROXY_SLIPPAGE_OUTSIDE_DAILY_RANGE,-5,101.695,101.905,101.695,101.86,101.69,-8500.000000000085,-18250.000000000455
2023-12-11,FG,FG2405.ZCE,PROXY_SLIPPAGE_OUTSIDE_DAILY_RANGE,272,1958.0,1958.0,1881.0,1915.0,1960.0,-244800.0,-163200.0
2024-01-12,AL,AL2403.SHF,PROXY_SLIPPAGE_OUTSIDE_DAILY_RANGE,709,19080.0,19085.0,18935.0,19005.0,19085.0,-283600.0,301325.0
2024-02-05,SP,SP2405.SHF,PROXY_SLIPPAGE_OUTSIDE_DAILY_RANGE,-19,5600.0,5690.0,5598.0,5644.0,5596.0,-9120.0,-24320.0
2024-02-21,LH,LH2403.DCE,PROXY_SLIPPAGE_OUTSIDE_DAILY_RANGE,72,13390.0,13400.0,13210.0,13300.0,13400.0,-115200.0,241920.0
2024-02-22,LH,LH2405.DCE,PROXY_SLIPPAGE_OUTSIDE_DAILY_RANGE,-5,14310.0,14805.0,14310.0,14545.0,14300.0,-19600.0,-5600.0
2024-03-18,LH,LH2405.DCE,PROXY_SLIPPAGE_OUTSIDE_DAILY_RANGE,-2,15135.0,15560.0,15130.0,15375.0,15125.0,-8000.0,-1760.0
2024-04-01,T,T2406.CFX,PROXY_SLIPPAGE_OUTSIDE_DAILY_RANGE,7,103.94,103.94,103.75,103.785,103.945,-11199.999999999762,-13649.999999999523
2024-04-22,AL,AL2406.SHF,PROXY_SLIPPAGE_OUTSIDE_DAILY_RANGE,-99,20380.0,20835.0,20380.0,20575.0,20375.0,-99000.0,-240075.0
2024-05-06,RB,RB2410.SHF,PROXY_SLIPPAGE_OUTSIDE_DAILY_RANGE,-135,3672.0,3738.0,3672.0,3712.0,3671.0,-55350.0,4050.0
2024-05-24,AL,AL2407.SHF,PROXY_SLIPPAGE_OUTSIDE_DAILY_RANGE,-7,20770.0,20980.0,20770.0,20890.0,20765.0,-4375.0,-2100.0
2024-06-03,M,M2409.DCE,PROXY_SLIPPAGE_OUTSIDE_DAILY_RANGE,2,3508.0,3509.0,3437.0,3466.0,3510.0,-880.0,1780.0
2024-06-17,LH,LH2409.DCE,PROXY_SLIPPAGE_OUTSIDE_DAILY_RANGE,26,17880.0,17880.0,17610.0,17710.0,17890.0,-74880.0,104000.0
2024-06-24,UR,UR2409.ZCE,PROXY_SLIPPAGE_OUTSIDE_DAILY_RANGE,70,2094.0,2094.0,2065.0,2075.0,2096.0,-29400.0,-19600.0
2024-07-29,C,C2409.DCE,PROXY_SLIPPAGE_OUTSIDE_DAILY_RANGE,1888,2357.0,2357.0,2320.0,2340.0,2359.0,-358720.0,868480.0
2024-08-21,FG,FG2409.ZCE,PROXY_SLIPPAGE_OUTSIDE_DAILY_RANGE,698,1248.0,1249.0,1231.0,1239.0,1250.0,-153560.0,-125640.0
2024-08-30,C,C2411.DCE,PROXY_SLIPPAGE_OUTSIDE_DAILY_RANGE,3,2345.0,2345.0,2327.0,2336.0,2347.0,-330.0,-990.0
2024-10-08,C,C2411.DCE,PROXY_SLIPPAGE_OUTSIDE_DAILY_RANGE,241,2220.0,2220.0,2168.0,2193.0,2222.0,-69890.0,-207260.0
2024-12-16,FG,FG2501.ZCE,PROXY_SLIPPAGE_OUTSIDE_DAILY_RANGE,610,1229.0,1230.0,1197.0,1216.0,1231.0,-183000.0,-402600.0
2024-12-18,C,C2501.DCE,PROXY_SLIPPAGE_OUTSIDE_DAILY_RANGE,2592,2088.0,2088.0,2064.0,2073.0,2090.0,-440640.0,803520.0
2024-12-20,T,T2503.CFX,PROXY_SLIPPAGE_OUTSIDE_DAILY_RANGE,-8,108.66,108.9,108.66,108.86,108.655,-16399.99999999986,9199.99999999959
2025-01-13,AP,AP2505.ZCE,PROXY_SLIPPAGE_OUTSIDE_DAILY_RANGE,-292,6659.0,6880.0,6659.0,6767.0,6657.0,-321200.0,-919800.0
2025-03-10,RU,RU2505.SHF,PROXY_SLIPPAGE_OUTSIDE_DAILY_RANGE,2,17320.0,17325.0,17055.0,17190.0,17330.0,-2800.0,8500.0
2025-04-07,RU,RU2505.SHF,DAILY_ONE_PRICE_DIRECTIONAL_PROXY_REJECT,-189,15455.0,15455.0,15455.0,15455.0,15445.0,-18900.0,-2664900.0
2025-04-08,RU,RU2505.SHF,PROXY_SLIPPAGE_OUTSIDE_DAILY_RANGE,-189,14100.0,15000.0,14100.0,14735.0,14090.0,-1219050.0,-4866750.0
2025-04-09,UR,UR2505.ZCE,PROXY_SLIPPAGE_OUTSIDE_DAILY_RANGE,-28,1785.0,1844.0,1784.0,1813.0,1783.0,-16800.0,-63280.0
2025-04-15,AL,AL2505.SHF,PROXY_SLIPPAGE_OUTSIDE_DAILY_RANGE,654,19785.0,19785.0,19615.0,19690.0,19790.0,-327000.0,-163500.0
2025-04-17,FG,FG2505.ZCE,PROXY_SLIPPAGE_OUTSIDE_DAILY_RANGE,770,1156.0,1157.0,1136.0,1147.0,1158.0,-169400.0,385000.0
2025-04-28,UR,UR2509.ZCE,PROXY_SLIPPAGE_OUTSIDE_DAILY_RANGE,-722,1750.0,1784.0,1750.0,1772.0,1748.0,-346560.0,-288800.0
2025-05-19,P,P2509.DCE,PROXY_SLIPPAGE_OUTSIDE_DAILY_RANGE,-17,7942.0,8044.0,7942.0,8006.0,7938.0,-11560.0,-3060.0
2025-05-21,T,T2509.CFX,PROXY_SLIPPAGE_OUTSIDE_DAILY_RANGE,275,108.895,108.895,108.72,108.805,108.89999999999999,-261249.9999999578,-577499.9999999828
2025-06-16,C,C2507.DCE,PROXY_SLIPPAGE_OUTSIDE_DAILY_RANGE,2425,2380.0,2381.0,2358.0,2369.0,2382.0,-315250.0,-751750.0
2025-07-28,FG,FG2509.ZCE,PROXY_SLIPPAGE_OUTSIDE_DAILY_RANGE,440,1355.0,1355.0,1223.0,1280.0,1357.0,-677600.0,-1865600.0
2025-07-28,RB,RB2510.SHF,PROXY_SLIPPAGE_OUTSIDE_DAILY_RANGE,283,3352.0,3352.0,3230.0,3282.0,3353.0,-200930.0,-413180.0
2025-08-20,AL,AL2510.SHF,PROXY_SLIPPAGE_OUTSIDE_DAILY_RANGE,1048,20540.0,20540.0,20430.0,20490.0,20545.0,-288200.0,1205200.0
2025-08-25,RB,RB2510.SHF,PROXY_SLIPPAGE_OUTSIDE_DAILY_RANGE,-364,3121.0,3165.0,3121.0,3144.0,3120.0,-87360.0,-192920.0
2025-08-25,T,T2509.CFX,PROXY_SLIPPAGE_OUTSIDE_DAILY_RANGE,-415,107.765,108.155,107.765,108.125,107.76,-1514749.9999999786,-1078999.9999999623
2025-10-13,RU,RU2601.SHF,PROXY_SLIPPAGE_OUTSIDE_DAILY_RANGE,180,15300.0,15300.0,14835.0,14990.0,15310.0,-576000.0,207000.0
2025-10-14,RU,RU2601.SHF,PROXY_SLIPPAGE_OUTSIDE_DAILY_RANGE,180,15000.0,15000.0,14755.0,14855.0,15010.0,-279000.0,594000.0
2025-11-03,AP,AP2601.ZCE,PROXY_SLIPPAGE_OUTSIDE_DAILY_RANGE,11,9200.0,9200.0,9050.0,9100.0,9202.0,-11220.0,-34760.0
2025-12-15,AP,AP2605.ZCE,PROXY_SLIPPAGE_OUTSIDE_DAILY_RANGE,36,9485.0,9485.0,9171.0,9263.0,9487.0,-80640.0,36720.0
2025-12-15,FG,FG2601.ZCE,PROXY_SLIPPAGE_OUTSIDE_DAILY_RANGE,-105,938.0,954.0,937.0,947.0,936.0,-23100.0,-144900.0
2025-12-15,JD,JD2601.DCE,PROXY_SLIPPAGE_OUTSIDE_DAILY_RANGE,-1637,3080.0,3130.0,3080.0,3108.0,3078.0,-245550.0,-605690.0
2026-01-12,T,T2603.CFX,PROXY_SLIPPAGE_OUTSIDE_DAILY_RANGE,-129,107.76,107.865,107.76,107.79,107.75500000000001,-45149.9999999956,-103199.99999997947
2026-02-02,JD,JD2603.DCE,PROXY_SLIPPAGE_OUTSIDE_DAILY_RANGE,-78,2951.0,2988.0,2950.0,2975.0,2949.0,-10140.0,-49530.0
2026-02-09,T,T2603.CFX,PROXY_SLIPPAGE_OUTSIDE_DAILY_RANGE,-62,108.38,108.515,108.38,108.47,108.375,-58899.999999999294,86800.00000000035
2026-02-09,UR,UR2605.ZCE,PROXY_SLIPPAGE_OUTSIDE_DAILY_RANGE,-1351,1784.0,1807.0,1784.0,1796.0,1782.0,-378280.0,-189140.0
2026-02-13,JD,JD2604.DCE,PROXY_SLIPPAGE_OUTSIDE_DAILY_RANGE,-2557,3186.0,3268.0,3186.0,3234.0,3184.0,-639250.0,153420.0
2026-04-09,RB,RB2605.SHF,PROXY_SLIPPAGE_OUTSIDE_DAILY_RANGE,3976,3092.0,3092.0,3070.0,3079.0,3093.0,-556640.0,1351840.0
2026-04-20,FG,FG2605.ZCE,PROXY_SLIPPAGE_OUTSIDE_DAILY_RANGE,1127,975.0,975.0,965.0,969.0,977.0,-180320.0,-293020.0
2026-05-26,T,T2609.CFX,PROXY_SLIPPAGE_OUTSIDE_DAILY_RANGE,-317,108.825,108.91,108.825,108.87,108.82000000000001,-158499.99999999098,-206049.99999999278
2026-06-29,T,T2609.CFX,PROXY_SLIPPAGE_OUTSIDE_DAILY_RANGE,-39,109.23,109.36,109.23,109.32,109.22500000000001,-37049.99999999401,60450.00000000599
2026-07-06,AL,AL2608.SHF,PROXY_SLIPPAGE_OUTSIDE_DAILY_RANGE,-35,22685.0,22970.0,22685.0,22835.0,22680.0,-27125.0,-59500.0
2026-08-31,LH,LH2611.DCE,PROXY_SLIPPAGE_OUTSIDE_DAILY_RANGE,3,12145.0,12150.0,11925.0,12005.0,12155.0,-7200.0,-2640.0
